ID,Name,Department
74344,NADI SUPRAPTO,Pendidikan Fisika (S2)
6689659,BINAR KURNIA PRAHANI,Pendidikan Fisika (S2)
6058164,WIDI ARIBOWO,Teknik Listrik (D4)
74761,UTAMA ALAN DETA,Pendidikan Fisika (S1)
6010772,EKO HARIYONO,Pendidikan Sains (S2)
6706090,MUCHAMAD ARIF AL ARDHA,Pendidikan Jasmani (S3)
260174,LUQMAN HAKIM,Pendidikan Ekonomi (S3)
6009334,MUHAMMAD TURHAN YANI,Pendidikan Pancasila dan Kewarganegaraan (S2)
5991463,ANAS AHMADI,Unknown
6009220,NURHAYATI,Teknik Elektro (S2)
6644417,DWI ANGGOROWATI RAHAYU,Biologi (S1)
6009860,OCE WIRIAWAN,Kepelatihan Olahraga (S2)
6863418,NOVADRI AYUBI,Manajemen Olahraga (S2)
74052,DWI JUNIATI,Matematika (S1)
5988909,MUNASIR,Fisika (S1)
6010653,SLAMET SETIAWAN,Sastra Inggris (S1)
5992225,BUDI JATMIKO,Pendidikan Fisika (S1)
74762,ELLY MATUL IMAH,Kecerdasan Artifisial (S1)
5993648,LYDIA ROHMAWATI,Fisika (S1)
5984431,TATAG YULI EKO SISWONO,Pendidikan Matematika (S3)
74415,LILIK ANIFAH,Teknik Elektro (S2)
6879380,WILLY ARTHA WIRAWAN,Teknik Mesin (D4)
6921787,ADI PRANOTO,Pendidikan Kepelatihan Olahraga (S1)
5992508,NITA KUSUMAWATI,Kimia (S2)
6131021,MUHAMAD ARIF MAHDIANNUR,Pendidikan Ilmu Pengetahuan Alam (S1)
73880,NINING WIDYAH KUSNANIK,Pendidikan Olahraga (S2)
74634,SARI EDI CAHYANINGRUM,Kimia (S2)
6010248,KARWANTO,Manajemen Pendidikan (S2)
74469,PRADINI PUSPITANINGAYU,Teknik Elektro (S1)
6713821,MUHAMMAD HAKIKI,Pendidikan Teknologi Informasi (S1)
259509,TUKIRAN,Kimia (S2)
6649996,SUCI MEGAWATI,Administrasi Publik (S2)
6729500,FARIZ KUSTIAWAN ALFARISY,Unknown
5997172,AHMAD MUNIR,Pendidikan Bahasa Inggris (S2)
6010346,NURHASAN,Pendidikan Jasmani (S3)
5992583,PIRIM SETIARSO,Kimia (S1)
6002014,MOCHAMAD RIDWAN,"Pendidikan Jasmani, Kesehatan, dan Rekreasi (S1)"
6726874,DENY ARIFIANA,Pendidikan Tata Busana (S1)
6768016,FARHANNA MAR'I,Teknik Informatika (S1)
74871,ROOSELYNA EKAWATI,Pendidikan Matematika (S1)
6008992,RAYA SULISTYOWATI,Pendidikan Ekonomi (S2)
6723738,ZAENAL ABIDIN,Pendidikan Guru Sekolah Dasar (S1)
5995656,MADLAZIM,Fisika (S2)
5998520,ACHMAD KAUTSAR,Bisnis Digital (S1)
5973513,MOHAMMAD WASIL,Unknown
74862,ASRUL BAHAR,Pendidikan Tata Boga (S1)
6010695,DWIKORANTO,Pendidikan Fisika (S1)
6003675,MOCHAMAD NURSALIM,Pendidikan Dasar (S3)
6816137,FASIH BINTANG ILHAMI,Pendidikan Ilmu Pengetahuan Alam (S1)
6009286,ALI IMRON,Pendidikan IPS (S1)
6795764,AFIF RUSDIAWAN,Ilmu Keolahragaan (S1)
6859778,ANDIKA PRAMUDYA WARDANA,Kimia (S1)
5996239,RESDIANTO PERMATA RAHARJO,Pendidikan Bahasa  dan Sastra (S2)
6008210,DIAN ANITA NUSWANTARA,Akuntansi (S2)
6010700,HERYANTO NUR MUHAMMAD,"Pendidikan Jasmani, Kesehatan, dan Rekreasi (S1)"
6073158,MUFARRIHUL HAZIN,Manajemen Pendidikan (S2)
6011928,WIRYANTO,Pendidikan Dasar (S3)
6010559,MIFTAKHUL JANNAH,Psikologi (S2)
6008943,BAYU AGUNG PRAMONO,Pendidikan Kepelatihan Olahraga (S1)
6009836,NUNUK HARIYATI,Manajemen Pendidikan (S3)
5989122,HASAN SUBEKTI,Pendidikan Sains (S2)
6009682,SRI SETYO IRIANI,Manajemen (S3)
5988511,SYAFI'UL ANAM,Pendidikan Bahasa Inggris (S2)
6011293,ALI MUSTOFA,Sastra Inggris (S1)
6010331,TITIN SUNARTI,Pendidikan Fisika (S2)
259056,TITIK TAUFIKUROHMAH,Kimia (S2)
6011815,RATNA SUHARTINI,Tata Busana (D4)
6010344,NURITA APRIDIANA LESTARI,Pendidikan Fisika (S1)
6007331,Raden Roro Hapsari Peni Agustin Tjahyaningtijas,Teknik Elektro (S1)
6010018,INDARTI,Unknown
5981307,MUHAMMAD SATRIAWAN,Pendidikan Fisika (S1)
5974889,I GUSTI PUTU ASTO BUDITJAHJANTO,Teknik Elektro (S2)
259010,LUSIA RAKHMAWATI,Teknik Elektro (S1)
6009693,URIP WAHYUNINGSIH,Tata Busana (D4)
6011020,SUHARTONO,Pendidikan Bahasa dan Sastra (S3)
6758700,IKA DIYAH CANDRA ARIFAH,Bisnis Digital (S1)
6007100,NENI MARIANA,Pendidikan Dasar (S3)
6022856,MOHAMAD ARIEF RAFSANJANI,Pendidikan Ekonomi (S1)
5993387,TUTUT NURITA,Pendidikan Ilmu Pengetahuan Alam (S1)
6010310,A'YUNIN SOFRO,Sains Aktuaria (S1)
6007065,SUBUH ISNUR HARYUDO,Pendidikan Teknik Elektro (S1)
5988833,NUGRAHANI PRIMARY PUTRI,Fisika (S2)
6009115,SYUNU TRIHANTOYO,Manajemen Pendidikan (S1)
74571,ALBRIAN FIKY PRAKOSO,Pendidikan Ekonomi (S1)
5996033,SARMINI,Pendidikan Ilmu Pengetahuan Sosial (S3)
6010697,MARTADI,Desain Grafis (D4)
6861006,RIKI NASRULLAH,Pendidikan Bahasa dan Sastra Indonesia (Kampus Kab (S1)
6008823,I DEWA MADE ARYANANDA WIJAYA KUSUMA,Kepelatihan Olahraga (S2)
74521,MOHAMMAD SYAHIDUL HAQ,Manajemen Pendidikan (S1)
5988773,FIDA RACHMADIARTI,Pendidikan Biologi (S1)
5988773,FIDA RACHMADIARTI,Pendidikan Biologi (S1)
6780113,DEWANGGA YUDHISTIRA,Unknown
5993291,BAMBANG SUPRIANTO,Teknik Elektro (S2)
5988848,ISNAWATI,Biologi (S1)
5996110,ITA FATKHUR ROMADHONI,Tata Boga (D4)
6009486,HUJJATULLAH FAZLURRAHMAN,Bisnis Digital (S1)
6159713,DODIK ARWIN DERMAWAN,Manajemen Informatika (D4)
74135,JUN SURJANTI,Manajemen (S3)
74238,NAJLATUN NAQIYAH,Bimbingan Konseling (S3)
5992955,YUNI SRI RAHAYU,Pendidikan Sains (S3)
5989179,RENI AMBARWATI,Akuakultur (S1)
6009494,SRI WIDAYATI,Pendidikan Guru Pendidikan Anak Usia Dini (S1)
6856930,MUHAMMAD FAJAR WAHYUDI RAHMAN,Bisnis Digital (S1)
6705218,AHMAD WACHIDUL KOHAR,Pendidikan Matematika (S1)
6010374,GIGIH SIANTORO,Pendidikan Olahraga (S2)
6657139,MUHAMMAD KHARIS FAJAR,Kepelatihan Olahraga (D4)
6007074,SURYANTI,Pendidikan Dasar (S3)
6010161,NUR KHOLIS,Pendidikan Teknik Elektro (S2)
6007093,HENDRATNO,Pendidikan Dasar (S3)
6860061,AHMAD FAUZI HENDRATMOKO,Pendidikan Ilmu Pengetahuan Alam (S1)
73822,AHMAD AJIB RIDLWAN,Ekonomi Islam (S1)
6010489,MIFTACHUL AMRI,Pendidikan Bahasa Mandarin (S1)
6704671,FIRAS KHALEYLA,Biologi (S1)
5993257,WAHONO WIDODO,Pendidikan Ilmu Pengetahuan Alam (S1)
6009075,HERYANTO SUSILO,Ilmu Pendidikan (S3)
5997120,ANANG KISTYANTO,Manajemen (S3)
5989542,WIWIN YULIANINGSIH,Pendidikan Luar Sekolah (S2)
6010049,UNIT THREE KARTINI,Teknik Elektro (S2)
6010641,SETYO ADMOKO,Pendidikan Fisika (S1)
6010521,DWI CAHYO KARTIKO,Pendidikan Jasmani (S3)
5996510,NIKEN PURWIDIANI,Tata Boga (D4)
6010687,ANY SUTIADININGSIH,Tata Boga (D4)
6003543,SRI SURYANTI,Pendidikan Matematika (S1)
6010416,UMI ANUGERAH IZZATI,Psikologi (S2)
165431,ALI SHODIKIN,Pendidikan Matematika (S1)
6700922,WULAN PATRIA SAROINSONG,Pendidikan Anak Usia Dini (S2)
6008449,ERMAN,Pendidikan Sains (S3)
74268,I KETUT BUDAYASA,Pendidikan Matematika (S3)
5994616,ABD. KHOLIQ,Pendidikan Fisika (S1)
6756928,YULISTIANA,Tata Busana (D4)
6650966,INDAR SABRI,Pendidikan Seni (S3)
6781919,AMINUDIN MA'RUF,Ekonomi (S1)
6844598,SAPTI PUSPITARINI,Pendidikan Ilmu Pengetahuan Alam (S1)
6755212,HIRNANDA DIMAS PRADANA,Teknologi Pendidikan (S1)
6009729,GUNARTI DWI LESTARI,Ilmu Pendidikan (S3)
74247,DIMAS AVIAN MAULANA,Sains Aktuaria (S1)
5989535,I MADE SUARTANA,Teknik Informatika (S1)
6010350,RUDIANA AGUSTINI,Pendidikan Sains (S2)
6010181,MUHAMAD SYARIFFUDDIEN ZUHRIE,Pendidikan Teknik Elektro (S1)
5999992,YUNI YAMASARI,Teknik Informatika (S1)
5989462,WIYLI YUSTANTI,Sistem Informasi (S1)
6769851,YES MATHEOS LASARUS MALAIKOSA,Pendidikan Guru Pendidikan Anak Usia Dini (S1)
74683,MUHAMMAD ABDUL GHOFUR,Pendidikan Ekonomi (S1)
6663454,AYUSTA LUKITA WARDANI,Teknik Listrik (D4)
6009809,NURUL KHOTIMAH,Pendidikan Anak Usia Dini (S2)
6008404,WASPODO TJIPTO SUBROTO,Pendidikan Ekonomi (S3)
6179126,REDIYANTO PUTRA,Akuntansi (S1)
6777006,PARAMA DIPTYA WIDAYAKA,Teknik Elektro (S1)
6009724,RADEN RORO NANIK SETYOWATI,Pendidikan Pancasila dan Kewarganegaraan (S2)
6762575,SUDIRMAN RIZKI ARIYANTO,Teknologi Rekayasa Otomotif (D4)
6009304,WISNU,Pendidikan Sejarah (S1)
6010768,ARIES DWI INDRIYANTI,Sistem Informasi (S1)
6008692,ABDUL HAFIDZ,Kepelatihan Olahraga (D4)
6012661,HARI SETIJONO,Ilmu Keolahragaan (S3)
5978324,KUNJUNG ASHADI,Kepelatihan Olahraga (D4)
6009289,SUKMA PERDANA PRASETYA,Pendidikan IPS (S2)
6951747,MUHAMAD ICHSAN SABILLAH,Pendidikan Kepelatihan Olahraga (Kampus Kabupaten  (S1)
6052537,YETTY SEPTIANI MUSTAR,Ilmu Keolahragaan (S1)
6010575,DARNI,Pendidikan Bahasa  dan Sastra (S2)
6010794,MUHAMMAD,Pendidikan Kepelatihan Olahraga (S1)
5998512,NADIA ASANDIMITRA HARYONO,Manajemen (S3)
5974269,SUROTO,Pendidikan Jasmani (S3)
74642,ENDANG SUSANTINI,Pendidikan Biologi (S2)
6785861,RIZA AKHSANI SETYO PRAYOGA,Pendidikan Teknologi Informasi (S1)
6010562,SAPTO WIBOWO,Pendidikan Olahraga (S2)
6011058,RUDIANTO ARTIONO,Matematika (S1)
6008438,JUNAIDI BUDI PRIHANTO,"Pendidikan Jasmani, Kesehatan, dan Rekreasi (S1)"
6191990,M. BAMBANG EDI SISWANTO,Pendidikan Guru Sekolah Dasar (S1)
6010381,SULIYANAH,Pendidikan Fisika (S1)
258955,NOVI MARLENA,Pendidikan Bisnis (S1)
5999493,FARID BASKORO,Teknik Elektro (S1)
6009739,NASUTION,Ilmu Hukum (S1)
6009091,HAFID KHOLIDI HADI,Bisnis Digital (S1)
6182099,RENNY SARI DEWI,Bisnis Digital (S1)
6010950,ENNY SUSIYAWATI,Pendidikan Ilmu Pengetahuan Alam (S1)
5999078,ADITYA PRAPANCA,Teknik Informatika (S1)
6009469,ARASY FAHRULLAH,Ekonomi Islam (S1)
6757701,MUHAMMAD NURUL ASHAR,Pendidikan Luar Biasa (S1)
6851604,YAN PUTRA TIMUR,Ekonomi Islam (S1)
73994,ARIE WARDHONO,Teknik Sipil (S1)
5989442,SUYATNO,Kimia (S1)
5998961,HERU SUBRATA,Pendidikan Dasar (S2)
6009072,RACHMA HASIBUAN,Pendidikan Anak Usia Dini (S2)
6692454,DAENG RAHMATULLAH,Teknik Listrik (D4)
5993256,BAMBANG SIGIT WIDODO,Pendidikan Geografi (S2)
6818286,NISA DWI SEPTIYANTI,Pendidikan Teknologi Informasi (S1)
74471,RIZA YONISA KURNIAWAN,Pendidikan Ekonomi (S1)
5998975,SRI JOEDA ANDAJANI,Unknown
5977430,NURUL JADID MUBAROKATI,Biologi (S1)
6009614,AGUNG LISTIADI,Pendidikan Ekonomi (S2)
6716469,ABDUL AZIZ HAKIM,Ilmu Keolahragaan (S2)
5987807,SUMARNI,Pendidikan Matematika (Kampus Kabupaten Magetan) (S1)
5988579,AHMAD BASHRI,Pendidikan Biologi (S1)
6795016,RISKYANA DEWI INTAN PUSPITASARI,Kecerdasan Artifisial (S1)
5997145,ARI METALIN IKA PUSPITA,Pendidikan Dasar (S2)
6012786,SUYATNO,Pendidikan Bahasa Indonesia (S2)
6897764,BAKHRUDIN ALL HABSY,Bimbingan Konseling (S3)
6734405,NURUL ISTIQ'FAROH,Pendidikan Dasar (S2)
6008502,RIVO NUGROHO,Pendidikan Luar Sekolah (S1)
74096,PRATIWI RETNANINGDYAH,Sastra Inggris (S1)
6010747,ADVENDI KRISTIYANDARU,"Pendidikan Jasmani, Kesehatan, dan Rekreasi (S1)"
5994580,WAHYU DWI KURNIAWAN,Pendidikan Teknik Mesin (S1)
6009329,HARMANTO,Pendidikan Profesi Guru (Profesi)
6010513,AGUS HARIYANTO,Ilmu Keolahragaan (S3)
259007,KISYANI LAKSONO,Pendidikan Bahasa dan Sastra (S3)
5991531,NAIM ROCHMAWATI,Teknik Informatika (S1)
6009260,KARTIKA RINAKIT ADHE,Pendidikan Guru Pendidikan Anak Usia Dini (S1)
5988839,BAMBANG YULIANTO,Pendidikan Bahasa dan Sastra (S3)
5995951,MASRIYAH,Pendidikan Matematika (S3)
6013427,YUNUS,Pendidikan Teknik Mesin (S1)
6011489,OIKUREMA PURWATI,Unknown
74167,YENI ANISTYASARI,Pendidikan Teknologi Informasi (S1)
5988490,EKA HENDI ANDRIANSYAH,Pendidikan Ekonomi (S1)
5990529,FRIDA ULFAH ERMAWATI,Fisika (S1)
5995266,SIFAK INDANA,Pendidikan Biologi (S2)
6766654,AS'AD SHIDQY AZIZ,Teknik Listrik (D4)
6792148,KUKUH ARISETYAWAN,Ekonomi (S1)
6010255,DIANA RAHMASARI,Psikologi (S2)
5996508,Maria Monica Sianita Basukiwardojo,Kimia (S1)
6190664,EMMILIA RUSDIANA,Ilmu Hukum (S1)
5990628,PRIYO HERU ADIWIBOWO,Teknik Mesin (S1)
6010583,PUPUT WANARTI RUSIMAMTO,Pendidikan Teknik Elektro (S2)
6009054,RICKY EKA PUTRA,Teknik Informatika (S1)
5988853,I GUSTI MADE SANJAYA,Pendidikan Sains (S3)
5993579,WORO SETYARSIH,Pendidikan Fisika (S1)
6010472,AGUNG LUKITO,Pendidikan Matematika (S2)
6826234,FARIJ IBADIL MAULA,Pendidikan Administrasi Perkantoran (S1)
6776582,FITRIARI IZZATUNNISA MUHAIMIN,Biologi (S1)
5988850,TARZAN PURNOMO,Biologi (S1)
6009100,ENDANG PUDJIASTUTI SARTINAH,Pendidikan Luar Biasa (S2)
6009850,ENDANG SRI WAHJUNI,Kedokteran (S1)
6008708,ANUNG PRIAMBODO,Pendidikan Jasmani (S3)
6010516,DIAN SAVITRI,Matematika (S1)
6008446,MULYONO,Sastra Indonesia (S1)
5995547,WARJU,Teknologi Rekayasa Otomotif (D4)
5995948,ATIK WINTARTI,Sains Data (S1)
6774103,MUHAMMAD NURUL FAHMI,Fisika (S1)
5994824,WAHYU SUKARTININGSIH,Pendidikan Dasar (S2)
6715779,ROMADHIYANA KISNO SAPUTRI,Fisioterapi (S1)
6795021,DANANG ARIYANTO,Sains Aktuaria (S1)
5992259,ZAINUL ARIFIN IMAM SUPARDI,Fisika (S2)
6816104,NOOR ROHMAH MAYASARI,Gizi (S1)
6009113,SJAFIATUL MARDLIYAH,Pendidikan Luar Sekolah (S2)
6010251,SHOFAN FIANGGA,Pendidikan Matematika (S1)
6706124,PUTRI ULFA KAMALIA,Pendidikan Ekonomi (S1)
6795014,YURIZKA MELIA SARI,Pendidikan Matematika (S1)
6754130,SRI WICAHYANI,"Pendidikan Jasmani, Kesehatan, dan Rekreasi (Kampu (S1)"
5996469,SUPARI,Unknown
6010254,ANDHEGA WIJAYA,"Pendidikan Jasmani, Kesehatan, dan Rekreasi (S1)"
5998535,ANDRE DWIJANTO WITJAKSONO,Manajemen (S2)
6009931,REZA RAHMADIAN,Teknik Listrik (D4)
6010798,SYAMSUL SODIQ,Pendidikan Bahasa Indonesia (S2)
6195964,RIVO PANJI YUDHA,Penelitian dan Evaluasi Pendidikan (S3)
5994726,IMAMI ARUM TRI RAHAYU,Pendidikan Tata Busana (S1)
6008053,ANDI KRISTANTO,Teknologi Pendidikan (S1)
6095375,FITRI NORHABIBA,Ilmu Komunikasi (S1)
6009644,KHUSNUL FIKRIYAH,Ekonomi Islam (S1)
6009561,NORIDA CANDA SAKTI,Pendidikan Ekonomi (S3)
6716118,AMALIA RUHANA,Gizi (S1)
5993420,BENI SETIAWAN,Pendidikan Sains (S2)
6010280,EVI WININGSIH,Bimbingan dan Konseling (S2)
6182450,NANANG HOESEN HIDROES ABBRORI,Bisnis Digital (S1)
6009762,TRI SUDARWANTO,Pendidikan Bisnis (S1)
6727556,TUTUR JATMIKO,Kepelatihan Olahraga (D4)
6113930,LISNANI,Pendidikan Matematika (Kampus Kabupaten Magetan) (S1)
6822119,ANITA SAFITRI,Bisnis Digital (S1)
6014392,MITA ANGGARYANI,Pendidikan Fisika (S1)
6010957,PARASTUTI,Pendidikan Bahasa Jepang (S1)
5995991,AGUS SUPRIJONO,Pendidikan Ilmu Pengetahuan Sosial (S3)
6011203,ARI KHUSUMADEWI,Bimbingan dan Konseling (S2)
5986806,DYAH HARIANI,Biologi (S1)
6039616,AMROZI KHAMIDI,Manajemen Pendidikan (S3)
6760058,ROHIM AMINULLAH FIRDAUS,Fisika (S2)
6009839,OLIEVIA PRABANDINI MULYANA,Psikologi (S1)
5998365,RIFQI FIRMANSYAH,Teknik Elektro (S1)
6008867,NI NYOMAN ALIT TRIANI,Akuntansi (S2)
5981585,RETNO MUSTIKA DEWI,Pendidikan Ekonomi (S1)
6741474,HERI WAHYUDI,Ilmu Keolahragaan (S2)
6160631,FAJAR ARIANTO,Teknologi Pendidikan (S3)
6816887,TEGUH DWI PUTRANTO,Ilmu Komunikasi (S1)
6009301,INDAH PRABAWATI,Ilmu Administrasi Negara (S1)
6010515,FAFI INAYATILLAH,Pendidikan Bahasa Dan Sastra Indonesia (S1)
6010277,TJIPTO PRASTOWO,Fisika (S1)
6010304,DZULKIFLIH,Fisika (S1)
5995949,SUSANAH,Pendidikan Matematika (S2)
6008925,HIMAWAN WISMANADI,Ilmu Keolahragaan (S2)
5998841,ROHMAWATI KUSUMANINGTIAS,Akuntansi (S1)
6727770,ACH. YASIN,Ekonomi Islam (S1)
6009076,ERNY ROESMININGSIH,Manajemen Pendidikan (S3)
6008674,MOCH. KHOIRUL ANWAR,Perekonomian Islam dan Industri Halal (S2)
6009392,AGUNG PRIJO BUDIJONO,Teknik Mesin (S1)
6706081,R. ENDRO WIBISONO,Transportasi (D4)
6160721,RUQOYYAH FITRI,Pendidikan Anak Usia Dini (S2)
6703916,ADITYA CHANDRA SETIAWAN,Manajemen Pendidikan (S1)
6009655,SUJARWANTO,Pendidikan Inklusi (S3)
6010322,ISMAIL,Pendidikan Matematika (S3)
6010707,SUSANTI,Pendidikan Ekonomi (S3)
6798458,MUHAMMAD HILMY AZIZ,Ilmu Komunikasi (S1)
5996798,ABADI,Matematika (S1)
6010512,ABDUL RACHMAN SYAM TUASIKAL,Pendidikan Jasmani (S3)
6007508,SUYONO,Pendidikan Kimia (S1)
6758057,KOLEKTUS OKY RISTANTO,"Pendidikan Jasmani, Kesehatan, dan Rekreasi (S1)"
6008396,BUDI PURWOKO,Bimbingan Konseling (S3)
6010393,LISA LISDIANA,Biologi (S1)
5975630,ASIDIGISIANTI SURYA PATRIA,Desain Grafis (D4)
5992774,SITI KHABIBAH,Pendidikan Matematika (S3)
6008664,KETUT PRASETYO,Pendidikan Ilmu Pengetahuan Sosial (S3)
6908675,ALI HASBI RAMADANI,Pendidikan Teknik Mesin (S1)
6657820,NURKHOLIS,Pendidikan Olahraga (S2)
6099233,IMAM MARSUDI,Kepelatihan Olahraga (S2)
6135845,ANGGA MARTHA MAHENDRA,Pendidikan Bisnis (S1)
6010684,PRIMA RETNO WIKANDARI,Kimia (S1)
6706089,BAYU BUDI PRAKOSO,"Pendidikan Jasmani, Kesehatan, dan Rekreasi (S1)"
6009365,FARID PRIBADI,Sosiologi (S1)
6010312,INDRA HIMAWAN SUSANTO,Masase (S1)
6010386,DJULI DJATIPRAMBUDI,Pendidikan Seni (S3)
5988863,DINA KARTIKA MAHARANI,Kimia (S1)
6008930,CLARASHINTA CANGGIH,Ekonomi Islam (S1)
6758899,MUHIMMATUL KHOIRO,Fisika (S2)
5989596,WIWIK SRI UTAMI,Pendidikan Geografi (S1)
5994422,WARIH HANDAYANINGRUM,Pendidikan Seni (S3)
74421,ALI MAKSUM,Pendidikan Olahraga (S2)
6010854,BUDIYANTO,Pendidikan Inklusi (S3)
6770284,RIZKY BASATHA,Pendidikan Teknologi Informasi (S1)
6007930,MUSTAJI,Teknologi Pendidikan (S3)
5993749,RAHARJO,Pendidikan Biologi (S2)
5989575,HERLINA FITRIHIDAJATI,Pendidikan Biologi (S1)
6756987,ONNY FRANSINATA ANGGARA,Psikologi (S1)
6010636,SITI MASITOH,Pendidikan Inklusi (S3)
6742737,ANITA SUSANTI,Transportasi (D4)
6010545,FIRMAN YASA UTAMA,Teknik Mesin (D4)
6011548,HENY SUBANDIYAH,Unknown
6009330,ARINTO NUGROHO,Ilmu Hukum (S1)
5993938,SRI HANDAJANI,Pendidikan Tata Boga (S1)
6009534,TRIESNINDA PAHLEVI,Pendidikan Administrasi Perkantoran (S1)
6009723,NUR IKA SARI RAKHMAWATI,Pendidikan Guru Pendidikan Anak Usia Dini (S1)
6762452,RAHMAD AJI PRASETYA,Kimia (S1)
5998534,YESSY ARTANTI,Manajemen (S2)
6765144,BONDA SISEPHAPUTRA,Informatika (Kampus Kabupaten Magetan) (S1)
5993994,WASIS,Pendidikan Fisika (S2)
6668403,DEBY FEBRIYAN EPRILIANTO,Ilmu Administrasi Negara (S1)
6013615,ANDIK YULIYANTO,Sastra Indonesia (S1)
6868051,MUHAIMIN ABDULLAH,Pendidikan Bahasa Inggris (S2)
6008673,RINIE PRATIWI PUSPITAWATI,Pendidikan Biologi (S1)
6729639,MUHAMMAD KRIS YUAN HIDAYATULLOH,Pendidikan Teknik Bangunan (S1)
5998524,MUTIMMATUL FAIDAH,Pendidikan Tata Rias (Kampus Kabupaten Magetan) (S1)
6100052,UTIYA AZIZAH,Pendidikan Kimia (S1)
6772574,RENDRA ARIEF HIDAYAT,Akuntansi (S1)
6687911,JOKO,Pendidikan Vokasi (S3)
5995441,SITI SRI WULANDARI,Pendidikan Ekonomi (S3)
5988972,MITARLIS,Pendidikan Kimia (S1)
6196418,RISKA DHENABAYU,Bisnis Digital (S1)
6716818,SHELLY ANDARI,Manajemen Pendidikan (S1)
6008429,MARIA VERONIKA ROESMININGSIH,Unknown
5992523,BAMBANG SABARIMAN,Teknik Sipil (S1)
6010142,SITI MAIZUL HABIBAH,Pendidikan Pancasila Dan Kewarganegaraan (S1)
5972822,AGUS WIYONO,Perencanaan Wilayah dan Kota (S1)
6718498,SRI SETYOWATI,Pendidikan Anak Usia Dini (S2)
131256,NUANSA BAYU SEGARA,Pendidikan IPS (S2)
6029952,DHIYAN SEPTA WIHARA,Bisnis Digital (S1)
5998502,TONY SENO AJI,Ekonomi (S1)
74666,SUSI HANDAYANI,Akuntansi (S1)
6009744,RACHMA INDRARINI,Ekonomi Islam (S1)
6010308,META YANTIDEWI,Fisika (S1)
5993258,FARIDHA NURHAYATI,Pendidikan Profesi Guru (Profesi)
6009678,AGUS FRIANTO,Manajemen (S1)
6010383,IRA DARMAWANTI,Psikologi (S1)
6774143,EVI SUAEBAH,Fisika (S1)
5988529,PRIMA VIDYA ASTERIA,Pendidikan Bahasa Dan Sastra Indonesia (S1)
5995790,MUNOTO,Unknown
74725,DHIAH FITRAYATI,Pendidikan Ekonomi (S1)
5989520,SUCI ROHAYATI,Pendidikan Akuntansi (S1)
6008064,MOCHAMAD ARIF IRFAI,Teknik Mesin (S1)
6009271,DITA YULIASTRID,Ilmu Keolahragaan (S1)
6833687,HITTA ALFI MUHIMMAH,Pendidikan Dasar (S2)
6010755,ACHMAD IMAM AGUNG,Pendidikan Teknik Elektro (S1)
6010670,ACHMAD LUTFI,Pendidikan Kimia (S1)
6008890,IBNU FEBRY KURNIAWAN,Sains Data (S1)
6800304,OKA SAPUTRA,Pendidikan Fisika (S2)
6009597,EKO WAHJUDI,Pendidikan Akuntansi (S1)
5988824,BERTHA YONATA,Pendidikan Kimia (S1)
260249,DURINDA PUSPASARI,Pendidikan Administrasi Perkantoran (S1)
5988524,BACHTIAR SYAIFUL BACHRI,Teknologi Pendidikan (S3)
257754,NIA WAHYU DAMAYANTI,Pendidikan Matematika (S1)
5995938,SUGENG HARIANTO,Ilmu Hukum (S1)
6007098,GANES GUNANSYAH,Pendidikan Dasar (S3)
6009266,OKSIANA JATININGSIH,Pendidikan Pancasila dan Kewarganegaraan (S2)
6859616,HERI PURNOMO,Pendidikan Matematika (Kampus Kabupaten Magetan) (S1)
6706079,YULI SUTOTO NUGROHO,Pendidikan Teknik Elektro (S1)
6867130,CATURIA SASTI SULISTYANA,Keperawatan (S1)
5993622,PRADNYO WIJAYANTI,Pendidikan Matematika (Kampus Kabupaten Magetan) (S1)
6010263,DIAH HARI KUSUMAWATI,Fisika (S1)
6009013,SRI ABIDAH SURYANINGSIH,Perekonomian Islam dan Industri Halal (S2)
5980297,I MADE ARSANA,Teknik Mesin (S1)
6010504,DAVID AGUS PRIANTO,Pendidikan Kepelatihan Olahraga (S1)
6008420,WAGINO,Pendidikan Inklusi (S3)
6922300,SHIDQI HAMDI PRATAMA PUTERA,Ilmu Keolahragaan (S2)
6759332,SATWIKA ARYA PRATAMA,Gizi (S1)
5998521,WIDYASTUTI,Manajemen (S1)
6026945,MOH. DANANG BAHTIAR,Pendidikan Akuntansi (S1)
5996473,AGUS BUDI SANTOSO,Unknown
6011137,MINTOHARI,Pendidikan Guru Sekolah Dasar (S1)
6010682,MUHAMAD SHOLEH,Manajemen Pendidikan (S3)
6726265,HAN TANTRI HARDINI,Pendidikan Akuntansi (S1)
6010587,RINA HARIMURTI,Pendidikan Teknik Elektro (S1)
6081797,ROFIK JALAL ROSYANAFI,Ilmu Pendidikan (S3)
6008919,ANANDA PERWIRA BAKTI,Kedokteran (S1)
6010738,ULIL HARTONO,Manajemen (S2)
6009702,MAYA MUSTIKA KARTIKA SARI,Hubungan Internasional (S1)
6010836,OCTO DENDY ANDRIYANTO,Pendidikan Bahasa Dan Sastra Jawa (S1)
5995535,MOCHAMAD CHOLIK,Pendidikan Teknik Mesin (S1)
6682449,IKA SWASTI PUTRI,Akuntansi (Kampus Kabupaten Magetan) (S1)
6706128,PEPPY MAYASARI,Pendidikan Tata Busana (S1)
5993376,LAILY ROSDIANA,Pendidikan Ilmu Pengetahuan Alam (S1)
6010680,ENDRYANSYAH,Teknik Elektro (S1)
5998398,SAMIK,Kimia (S1)
6010646,EKOHARIADI,Pendidikan Vokasi (S3)
6010743,FITHRIYAH INDA NUR ABIDA,Sastra Inggris (S1)
6010655,DIDIK NURHADI,Pendidikan Bahasa dan Sastra (S3)
6791831,FEBRIKA YOGIE HERMANTO,Pendidikan Administrasi Perkantoran (S1)
6795030,YOGI BAGUS ADHIMAS,Pendidikan Bahasa Mandarin (S1)
5988227,LUTFHI ABDIL KHUDDUS,Manajemen Olahraga (S1)
6008739,ROY JANUARDI IRAWAN,Ilmu Keolahragaan (S1)
260256,DURINTA PUSPASARI,Pendidikan Administrasi Perkantoran (S1)
6009312,TJITJIK RAHAJU,Administrasi Publik (S2)
6010692,MINTOWATI,Pendidikan Bahasa dan Sastra (S3)
6115451,UTARI DEWI,Teknologi Pendidikan (S3)
5994547,ANJA HESNIA KHOLIS,Ners (Profesi)
5997138,DWI YULI RAKHMAWATI,Pendidikan Ekonomi (S2)
6803901,FIRST AMBAR WATI,Kimia (S1)
6010731,SANAJI,Manajemen (S2)
6010939,SETYA YUWANA SUDIKAN,Pendidikan Seni (S3)
6706207,ARIFAH KAHARINA,"Pendidikan Jasmani, Kesehatan, dan Rekreasi (Kampu (S1)"
6451100,SETIYO HARTOTO,"Pendidikan Jasmani, Kesehatan, dan Rekreasi (S1)"
5995494,DIAN NOVITA,Pendidikan Kimia (S1)
5976011,IKE FITRIYANINGSIH,Kecerdasan Artifisial (S1)
6008987,MERLYANA DWINDA YANTHI,Akuntansi (S1)
6010649,EDY SULISTIYO,Pendidikan Teknik Elektro (S1)
6898395,IRMANTARA SUBAGIO,Pendidikan Kepelatihan Olahraga (S1)
6011008,SETYO YANUARTUTI,Pendidikan Seni (S3)
6801294,FITRIANA,Fisika (S1)
6010674,ANNA NOORDIA,Ilmu Keolahragaan (S1)
6756986,AMIRUL ARIF,Pendidikan Akuntansi (S1)
5991505,MANUHARAWATI,Pendidikan Matematika (S3)
5977723,RUSLY HIDAYAH,Pendidikan Kimia (S1)
6004555,SUNU KUNTJORO,Biologi (S1)
6009746,HARTI,Unknown
6010518,VEGA CANDRA DINATA,"Pendidikan Jasmani, Kesehatan, dan Rekreasi (S1)"
6706756,HERU ARIZAL,Pendidikan Vokasional Teknologi Otomotif (S1)
6798558,FRESHA KHARISMA,Bisnis Digital (S1)
6803728,HAFIZHUDDIN ZUL FAHMI,Teknik Informatika (S1)
6010291,RINI SETIANINGSIH,Pendidikan Matematika (S2)
6008906,DIAN PERMATASARI KUSUMA DAYU,Pendidikan Biologi (S1)
6009610,TIAS ANDARINI INDARWATI,Manajemen (S1)
6039168,SUPRAPTO,Teknik Sipil (D4)
5989531,ROCHMAWATI,Pendidikan Akuntansi (S1)
6679478,IRWAN ADIMAS GANDA SAPUTRA,Pendidikan Akuntansi (S1)
6945711,HUSNI MUBAROK,Teknologi Pendidikan (S1)
6706092,MIFTAHUR ROHMAN,Teknik Elektro (S1)
5994247,MOHAMMAD BUDIYANTO,Pendidikan Sains (S2)
6009976,I WAYAN SUSILA,Unknown
6006127,BRILLIAN ROSY,Pendidikan Administrasi Perkantoran (S1)
5993807,MEGA TEGUH BUDIARTO,Unknown
6760748,AGUNG STIAWAN,Pendidikan IPS (S1)
6715986,DESTY MUZAROFATUS SHOLIKHAH,Gizi (S1)
5988518,WAHYU BUDI SABTIAWAN,Pendidikan Ilmu Pengetahuan Alam (S1)
6007238,DEWIE TRI WIJAYATI WARDOYO,Manajemen (S3)
5993413,AN NURIL MAULIDA FAUZIAH,Pendidikan Ilmu Pengetahuan Alam (S1)
5994605,ARIS ANSORI,Teknik Mesin (S1)
5988960,WIDOWATI BUDIJASTUTI,Biologi (S1)
74493,MUKHAYYAROTIN NISWATI RODLIYATUL JAUHARIYAH,Pendidikan Fisika (S1)
6705223,VIVI PRATIWI,Pendidikan Akuntansi (S1)
6788671,RACHMAN WIDOHARDHONO,Kepelatihan Olahraga (D4)
6009938,MAHENDRA WIDYARTONO,Teknik Listrik (D4)
6010765,JAKA NUGRAHA,Manajemen (Kampus Kabupaten Magetan) (S1)
6654707,HARIS SUPRATNO,Pendidikan Bahasa dan Sastra (S3)
6200789,MUHAMMAD FACHMI,Bisnis Digital (S1)
6010708,DJOKO SUWITO,Pendidikan Teknik Mesin (S1)
5999767,KHUSNUL KHOTIMAH,Teknologi Pendidikan (S1)
6643423,SUGIANTORO,Pendidikan IPS (S1)
5999767,KHUSNUL KHOTIMAH,Teknologi Pendidikan (S1)
6009174,RENNY DWIJAYANTI,Pendidikan Bisnis (S1)
6010413,PUDJI ASTUTI,Hukum (S2)
6010612,ANITA QOIRIAH,Teknik Informatika (S1)
6853154,CENDRA DEVAYANA PUTRA,Sistem Informasi (S1)
6674091,HENI PURWA PAMUNGKAS,Pendidikan Ekonomi (S1)
6706375,ERNITA VIKA AULIA,Pendidikan Ilmu Pengetahuan Alam (S1)
6796729,BAYU RAMA LAKSONO,Akuntansi (S1)
6723215,KUSNUL KHOTIMAH,Pendidikan IPS (S2)
6010097,SOERYANTO,Pendidikan Teknik Mesin (S1)
5992617,KUSUMAWATI DWININGSIH,Pendidikan Kimia (S1)
6009354,AGUS MACHFUD FAUZI,Sosiologi (S1)
5983270,CLEONARA YANUAR DINI,Gizi (S1)
5990188,RUSMINI,Pendidikan Kimia (S1)
6771251,NADIA LUTFI CHOIRUNNISA,Pendidikan Guru Sekolah Dasar (S1)
6000935,YATIM RIYANTO,Manajemen Pendidikan (S3)
74251,WIDYA NUSANTARA,Pendidikan Luar Sekolah (S1)
6908019,MUH SYAUQI MALIK,Pendidikan Guru Sekolah Dasar (Kampus Kabupaten Ma (S1)
6008967,IKA PERMATASARI,Akuntansi (S1)
6867125,SATRIA EUREKA NURSESKASATMATA,Keperawatan (S1)
6011157,MINTARSIH,Pendidikan Bahasa Jepang (S1)
5996717,R.A. SISTA PARAMITA,Manajemen (S1)
6009294,GALIH WAHYU PRADANA,Ilmu Administrasi Negara (S1)
6194810,RAMDYA AKBAR TUKAN,Ners (Profesi)
6191486,ELISABETH CHRISTIANA,Bimbingan dan Konseling (S2)
6008983,FARIDA ISTIANAH,Pendidikan Guru Sekolah Dasar (S1)
6011071,RATNA CANDRA DEWI,Gizi (S1)
6009252,MUH ALI MASNUN,Ilmu Hukum (S1)
5975752,DWIARKO NUGROHOSENO,Manajemen (S1)
6792203,YUNI FITRIYAH NINGSIH,Masase (S1)
6010662,TRISAKTI,Pendidikan Seni Budaya (S2)
5993842,ELOK SUDIBYO,Pendidikan Sains (S3)
6902131,PUTUT RAKHMAD PURNAMA,Biologi (S1)
6177632,RONGGO ALIT,Pendidikan Profesi Guru (Profesi)
6757562,SILVY CINTHIA ADELIA,Sastra Inggris (Kampus Kabupaten Magetan) (S1)
6686936,URIP ZAENAL FANANI,Pendidikan Bahasa  dan Sastra (S2)
6022521,IRENA YOLANITA MAUREEN,Teknologi Pendidikan (S2)
6009843,DONNY ARDY KUSUMA,Kepelatihan Olahraga (D4)
6008180,BAMBANG DIBYO WIYONO,Bimbingan dan Konseling (Kampus Kabupaten Magetan) (S1)
6009529,MADE DUDY SATYAWAN,Akuntansi (S1)
5996957,IRMA RUSSANTI,Tata Busana (D4)
6009529,MADE DUDY SATYAWAN,Akuntansi (S1)
6009325,LISTYANINGSIH,Pendidikan Pancasila dan Kewarganegaraan (S2)
6774546,MELIA DWI WIDAYANTI,Pendidikan Guru Pendidikan Anak Usia Dini (S1)
6710058,WIJONO,Kepelatihan Olahraga (D4)
6009129,JONI SUSILO WIBOWO,Unknown
6705113,FATKUR ROHMAN KAFRAWI,Pendidikan Profesi Guru (Profesi)
74832,LUCKY RACHMAWATI,Ekonomi (S1)
6783205,DWI PRASETYO,Ilmu Komunikasi (S1)
6761453,LINI ANISFATUS SHOLIHAH,Gizi (S1)
5995366,NUNIEK HERDYASTUTI,Kimia (S2)
6171416,AFFIATI OKTAVIARINA,Sains Aktuaria (S1)
6904458,ALI FAKHRUDIN,Pendidikan Guru Sekolah Dasar (S1)
6799343,ANDRI SUYOKO,Pendidikan Kepelatihan Olahraga (S1)
6893231,AHMAD SAEPUDDIN,Teknik Mesin (S1)
6027211,LIFA FARIDA PANDUWINATA,Pendidikan Administrasi Perkantoran (S1)
6819341,MUHAMMAD ASRUL SIDIK,Pendidikan Kepelatihan Olahraga (S1)
6845365,YANDHIKA SURYA AKBAR GUMILANG,Teknik Elektro (S1)
6010418,TOHO CHOLIK MUTOHIR,Ilmu Keolahragaan (S3)
6700688,CITA YUSTISIA SERFIYANI,Ilmu Hukum (S1)
74131,BUDI PRIYO PRAWOTO,Matematika (S1)
6010455,NANIK INDAHWATI,"Pendidikan Jasmani, Kesehatan, dan Rekreasi (S1)"
6010151,IMAN PASU MARGANDA HADIARTO PURBA,Pendidikan Pancasila Dan Kewarganegaraan (S1)
6644401,WELLY SURYANDOKO,"Pendidikan Seni Drama, Tari Dan Musik (S1)"
6005507,BACHRUL AMIQ,Hukum (S2)
6009573,FINISICA DWIJAYATI PATRIKHA,Pendidikan Bisnis (S1)
6706777,FERLY ISNOMO ABDI,Teknologi Rekayasa Otomotif (D4)
6909975,AZIDNI ROFIQO,Ekonomi Islam (S1)
5994156,AKHMAD HAFIZH AINUR RASYID,Teknik Mesin (S1)
6009099,ANDI MARIONO,Teknologi Pendidikan (S2)
6804621,HENDRI PRASTIYONO,Pendidikan Geografi (S2)
6010229,MUCHLIS,Pendidikan Kimia (S1)
6009969,LUTFIYAH HIDAYATI,Pendidikan Tata Busana (S1)
6009877,MUHAMMAD SYAFIQ,Psikologi (S1)
6776262,MONICA WIDYASWARI,Pendidikan Luar Sekolah (S1)
6009073,SITI INA SAVIRA,Psikologi (S1)
5988590,NUR DUCHA,Biologi (S1)
6009020,I KETUT ATMAJA JOHNY ARTHA,Ilmu Pendidikan (S3)
6727380,RURI NURUL AENI WULANDARI,Pendidikan Administrasi Perkantoran (S1)
6705347,PUGUH NOVI PRASETYONO,Teknik Sipil (D4)
5995175,MARNIATI,Pendidikan Tata Busana (S1)
5993529,MARTINI,Pendidikan Ilmu Pengetahuan Alam (S1)
6867833,RATIH AMELIA,Bisnis Digital (S1)
6009357,MEIRINAWATI,Ilmu Administrasi Negara (S1)
6088051,LESTARININGSIH,Pendidikan Matematika (S1)
6003969,WIRYO NURYONO,Bimbingan dan Konseling (S2)
6010269,ARIS RUDI PURNOMO,Pendidikan Ilmu Pengetahuan Alam (S1)
6011717,LUTFI SAKSONO,Sastra Jerman (S1)
6009658,LOGGAR BHILAWA,Akuntansi (S1)
6869290,NUR VIDIA LAKSMI B,Teknik Listrik (D4)
6009311,YUNI LESTARI,Administrasi Negara (D4)
6862335,MOH KHORIDATUL HUDA,Sains Data (S1)
5992595,HARIYATI,Manajemen (S3)
6733533,NURUL JANNAH ASID,Teknik Sipil (S1)
6906256,WIRDATUN NAFISAH,Unknown
6001033,NOVI TRISNAWATI,Pendidikan Administrasi Perkantoran (S1)
6873338,INA USWATUN NIHAYA,Manajemen (S1)
6009098,ENDANG PURBANINGRUM,Unknown
6103195,ACHMAD FITRO,Agribisnis Digital (S1)
6009288,EVA HANY FANIDA,Ilmu Administrasi Negara (S1)
6009342,WENI ROSDIANA,Administrasi Negara (D4)
6717390,VIVI ERVINA DEWI,Musik (S1)
6010507,INA IKA PRATITA,Pendidikan Bahasa Jepang (S1)
6686063,ABU ZAINUDDIN,Pendidikan Fisika (S1)
6010778,KHOFIDOTUR ROFIAH,Pendidikan Luar Biasa (S1)
5989630,ERLIX RAKHMAD PURNAMA,Biologi (S1)
6662665,VIT ARDHYANTAMA,Pendidikan Guru Sekolah Dasar (Kampus Kabupaten Ma (S1)
6008978,IKA RAHMAWATI,Pendidikan Guru Sekolah Dasar (S1)
6716817,WINDASARI,Manajemen Pendidikan (S1)
6704488,MEGA PRANI NINGSIH,Pendidikan Geografi (S1)
6703029,Syaiputra Wahyuda Meisa Diningrat,Teknologi Pendidikan (S1)
6009281,GADING GAMAPUTRA,Administrasi Negara (D4)
6011520,MUHAMMAD ARIFFUDIN ISLAM,Desain Komunikasi Visual (S1)
6861018,HELDA KUSUMA WARDANI,Pendidikan Guru Sekolah Dasar (Kampus Kabupaten Ma (S1)
6706102,HERI SURYAMAN,Pendidikan Teknik Bangunan (S1)
6706084,WAHYU DWI MULYONO,Pendidikan Teknik Bangunan (S1)
6708362,NONIK INDRAWATININGSIH,Pendidikan Matematika (S1)
6860747,NOVITA VINDRI HARINI,Pendidikan Matematika (S1)
5983720,DEVI RATNASARI,Bimbingan Dan Konseling (S1)
6010625,RETNO TRI HARIASTUTI,Bimbingan Konseling (S3)
6782975,LYNDA REFNITASARI,Perencanaan Wilayah dan Kota (S1)
6894355,NUR LUTHFIATUS SOLIKAH,Fisioterapi (S1)
5994335,MIRWA ADIPRAHARA ANGGARANI,Kimia (S1)
5988797,GUNTUR TRIMULYONO,Biologi (S1)
6009221,DEWI PRASTIWI,Akuntansi (S2)
6010335,ASNAWI,Unknown
6765008,FITRIANA RAHMAWATI,Pendidikan Administrasi Perkantoran (S1)
6010660,ISMET BASUKI,Pendidikan Teknologi Dan Kejuruan (S2)
74612,ARIEF SUDRAJAT,Sosiologi (S1)
6009567,PUJIONO,Akuntansi (S2)
6008980,VICKY DWI WICAKSONO,Pendidikan Guru Sekolah Dasar (S1)
6145037,YULIANI,Pendidikan Biologi (S2)
6861614,REZKI NURMA FITRIA,Manajemen Pendidikan (S1)
6024703,TRI RIJANTO,Pendidikan Teknologi Dan Kejuruan (S2)
6687877,RAMDANI,Ekonomi Islam (S1)
6758688,EKA INDAH NURLAILI,Pendidikan Ekonomi (S1)
6161255,FAURIS ZUHRI,Pendidikan Bahasa Inggris (S1)
5988974,NUR KUSWANTI,Pendidikan Biologi (S1)
6008728,ALIM SUMARNO,Teknologi Pendidikan (S2)
6008611,DIAH WULANDARI,Teknik Mesin (D4)
5988974,NUR KUSWANTI,Pendidikan Biologi (S1)
6816237,FADHILAH QALBI ANNISA,Kecerdasan Artifisial (S1)
6000794,LUCIA TRI PANGESTHI,Pendidikan Tata Boga (S1)
6796631,TATAK SETIADI,Ilmu Komunikasi (Kampus Kabupaten Magetan) (S1)
6724411,TRI WARDATI KHUSNIYAH,Teknik Sipil (D4)
6684950,WILDAN TAUFIK RAHARJA,Pendidikan Teknologi Dan Kejuruan (S2)
5995218,OCTAVERINA KECVARA PRITASARI,Pendidikan Tata Rias (S1)
6717642,HARI SUGIHARTO SETYAEDHI,Teknologi Pendidikan (S2)
5995403,SARI KUSUMA DEWI,Biologi (S1)
5995947,ENDAH BUDI RAHAJU,Pendidikan Matematika (S1)
6688855,WIWIK WIDAJATI,Pendidikan Luar Biasa (S2)
5992505,DADANG SUPRIYATNO,Transportasi (D4)
6706087,FENDI ACHMAD,Pendidikan Teknik Elektro (S1)
5995571,JANET TRINEKE MANOY,Pendidikan Matematika (S2)
6703650,VENI RAFIDA,Pendidikan Bisnis (S1)
6009545,DYAH ASTRIANI,Pendidikan Ilmu Pengetahuan Alam (S1)
5998791,RAHADIAN BISMA,Sistem Informasi (S1)
6758049,ERTA,Manajemen Olahraga (S1)
6010902,MALLEVI AGUSTIN NINGRUM,Pendidikan Guru Pendidikan Anak Usia Dini (S1)
5995424,ARYA MAHENDRA SAKTI,Teknik Mesin (D4)
6805479,RASYIDI FAIZ AKBAR,Manajemen (S1)
6009280,BADRUDIN KURNIAWAN,Ilmu Administrasi Negara (S1)
6010754,FEBRITA ARDIANINGSIH,Kedokteran (S1)
6008910,NOORTJE ANITA KUMAAT,Ilmu Keolahragaan (S3)
6688563,SUPRIYANTO,Manajemen Pendidikan (S1)
6009176,PRAYUDI SETIAWAN PRABOWO,Ekonomi (S1)
6009851,MUHAMMAD FARID MARUF,Ilmu Administrasi Negara (S1)
6010804,RONI,Pendidikan Bahasa Jepang (S1)
6765530,NANDA NINI ANGGALIH,Desain Grafis (D4)
6756937,NOVIA RESTU WINDAYANI,Pendidikan Tata Rias (Kampus Kabupaten Magetan) (S1)
6046483,ATAN PRAMANA,Pendidikan Teknologi Informasi (S1)
6010481,ANIK JUWARIYAH,Pendidikan Seni Budaya (S2)
5995417,BIYAN YESI WILUJENG,Pendidikan Tata Rias (S1)
6802900,SULAKSONO,Hukum (S2)
6876237,FIENA SAADATUL UMMAH,Pendidikan Guru Sekolah Dasar (S1)
6692091,BERLIAN MAULIDYA IZZATI,Sistem Informasi (S1)
6009743,AISYATURRAHMI,Akuntansi (S1)
6725215,LA SAUDI,Ners (Profesi)
6791116,FITRIAH DWI SUSILOWATI,Ekonomi Islam (S1)
6010753,YOHANA WURI SATWIKA,Psikologi (S1)
5993474,DHITA AYU PERMATA SARI,Pendidikan Ilmu Pengetahuan Alam (S1)
6669905,ACHMAD RIZANUL WAHYUDI,Pendidikan Kepelatihan Olahraga (S1)
6021026,NUR AHMAD ARIEF,Manajemen Olahraga (S2)
6835538,QATRUNNADA NAQIYYAH KHUSMITHA,Kebidanan (S1)
6922530,ARIS PURWANTO,Teknik Mesin (S1)
6953423,BAYU HADI PERMANA,Biosains Hewan (S1)
5982861,RESTU DWI ARIYANTO,Bimbingan Dan Konseling (S1)
6727421,BAMBANG FERIANTO TJAHYO KUNTJORO,"Pendidikan Jasmani, Kesehatan, dan Rekreasi (S1)"
6010948,SALAMUN ROHMAN NUDIN,Manajemen Informatika (D4)
6819183,WIDA WULANDARI,Pendidikan Ekonomi (S1)
5988921,HARUN NASRUDDIN,Pendidikan Kimia (S1)
6009900,TAURAN,Ilmu Administrasi Negara (S1)
6758667,MUHAMMAD FARHAN MASRUR,Pendidikan Bahasa Mandarin (S1)
5974654,HENDRY CAHYONO,Ekonomi (S1)
5993785,ABDUL HARIS ROSYIDI,Pendidikan Matematika (S1)
6682545,EDY MINTARTO,Unknown
6196831,NURHENTI DORLINA SIMATUPANG,Pendidikan Guru Pendidikan Anak Usia Dini (S1)
6686721,ZAINUR RAHMAN,Manajemen (S1)
6770392,AHMAD NIZAR HILMI,Ilmu Administrasi Negara (S1)
6000008,DINI KINATI FARDAH,Pendidikan Matematika (S1)
6764358,ZULFIN RACHMA MUFIDAH,Pendidikan Guru Sekolah Dasar (S1)
6064875,SEPTYAN BUDY CAHYA,Pendidikan Bisnis (S1)
5988947,SUKARMIN,Pendidikan Kimia (S1)
6153671,MURTADLO,Pendidikan Luar Biasa (S2)
6005823,SUEB,Pendidikan Bahasa Inggris (S1)
6009102,DELIA INDRAWATI,Pendidikan Guru Sekolah Dasar (Kampus Kabupaten Ma (S1)
6009607,BUDIONO,Manajemen (S1)
6860313,HARMON PRAYOGI,Kecerdasan Artifisial (S1)
5998526,NINDRIA UNTARINI,Manajemen (S1)
5997644,YULIA IZZA EL MILLA,Pendidikan Matematika (Kampus Kabupaten Magetan) (S1)
6706558,LADI WAJUBA PERDINI FISABILILLAH,Ekonomi (S1)
6010651,MUJI SRI PRASTIWI,Pendidikan Biologi (S1)
6800912,MUHAMMAD HABIBBULLOH,Pendidikan Fisika (S1)
6707849,KHOIRUR ROZAQ,Manajemen (S1)
6009057,EKO DARMINTO,Unknown
6009585,ENI WURYANI,Akuntansi (S2)
5995320,VENI INDRAWATI,Gizi (S1)
6795062,FIKKY DIAN ROQOBIH,Pendidikan Ilmu Pengetahuan Alam (S1)
5992963,MAUREN GITA MIRANTI,Pendidikan Tata Boga (S1)
6790078,RIZKY MUHAMMAD SIDIK,Kepelatihan Olahraga (D4)
6116144,ADI MALADONA,Pendidikan Biologi (S1)
6757518,DYAH PERMATA SARI,Pendidikan Ilmu Pengetahuan Alam (S1)
5995405,LILIS SULANDARI,Tata Boga (D4)
6009074,TITIN INDAH PRATIWI,Bimbingan Konseling (S3)
6004134,LINTANG VENUSITA,Akuntansi (S1)
6009247,MONIKA TIARAWATI,Manajemen (S1)
6009341,REFTI HANDINI LISTYANI,Unknown
6009552,ANIK LESTARI ANDJARWATI,Manajemen (S1)
6827203,RISKA WAHYU ROMADHONIA,Matematika (S1)
6836936,NUNIK DWI KUSUMAWATI,Manajemen (S1)
6010328,MUHAMMAD JAKFAR,Matematika (S1)
6706136,IKA ANGGUN CAMELIA,Pendidikan Seni Rupa (S1)
74210,IKA KURNIASARI,Pendidikan Matematika (S1)
5988780,MAHANANI TRI ASRI,Biologi (S1)
6696010,FERIZA NADIAR,Teknik Sipil (D4)
6797843,WENNY RESTIKASARI,Ekonomi (S1)
6009272,DIAN AYU LARASATI,Pendidikan Geografi (S1)
5975899,ABDUL MONGID,Manajemen (S3)
6009315,KATON GALIH SETYAWAN,Pendidikan IPS (S1)
6706683,RADEN RORO MAHA KALYANA MITTA ANGGORO,Musik (S1)
6903825,INDAH ARDININGSIH,Pendidikan Kimia (S1)
5994895,GDE AGUS YUDHA PRAWIRA ADISTANA,Pendidikan Teknik Bangunan (S1)
73810,MADE PRAMONO,Ilmu Keolahragaan (S1)
6798340,YANUAR ALFAN TRIARDHANA,Pendidikan Kepelatihan Olahraga (S1)
6008647,MARYAM ISNAINI DAMAYANTI,Pendidikan Guru Sekolah Dasar (S1)
6657494,ISKANDAR,Teknik Mesin (S1)
6656510,PURBODJATI,Unknown
6761169,HANDINI NOVITA SARI,Teknik Mesin (S1)
6010475,NUR QOMARIYAH,Pendidikan Biologi (S1)
6920609,NURUL HASANAH,Pendidikan IPS (S1)
5992861,SITI NURUL HIDAYATI,Pendidikan Ilmu Pengetahuan Alam (S1)
6010490,DWI IMROATU JULAIKAH,Pendidikan Bahasa Jerman (S1)
6757739,ANDIKA KUNCORO WIDAGDO,Pendidikan Tata Boga (S1)
5998505,YUYUN ISBANAH,Manajemen (S1)
6716472,EKA CAHYA MAULIDIYAH,Pendidikan Guru Pendidikan Anak Usia Dini (S1)
6010394,NURUL HIKMAH,Ilmu Hukum (S1)
6009544,MEYLIA ELIZABETH R,Pendidikan Ekonomi (S2)
6010424,SASMINTA CHRISTINA YULI HARTATI,"Pendidikan Jasmani, Kesehatan, dan Rekreasi (S1)"
6717313,FANDI FATONI,Manajemen (Kampus Kabupaten Magetan) (S1)
6007674,PUTRI RACHMADYANTI,Pendidikan Guru Sekolah Dasar (S1)
6160277,RATU MAULADANIYATI,Pendidikan Matematika (Kampus Kabupaten Magetan) (S1)
74467,SURANA,Pendidikan Bahasa Dan Sastra Jawa (S1)
6010017,CITRA FITRI KHOLIDYA,Teknologi Pendidikan (S1)
6713292,DAYAT HIDAYAT,Sains Aktuaria (S1)
5997731,ASRI WIJIASTUTI,Pendidikan Inklusi (S3)
5989076,MEINI SONDANG SUMBAWATI,Pendidikan Teknologi Dan Kejuruan (S2)
6010498,TITIK INDARTI,Pendidikan Bahasa  dan Sastra (S2)
6698684,IRFA RONABOYD,Ilmu Hukum (S1)
6082628,AYU WULANDARI,Manajemen Pendidikan (S2)
6013529,THEODORUS WIYANTO WIBOWO,Pendidikan Teknologi Dan Kejuruan (S2)
6923596,BETI INDAH SARI,Pendidikan Pancasila Dan Kewarganegaraan (S1)
6010440,BUDI RAHADJENG,Matematika (S1)
6716095,RACHMAD SYARIFUDIN HIDAYATULLAH,Pendidikan Teknik Mesin (S1)
259500,DAMAJANTI KUSUMA DEWI,Psikologi (S2)
6920552,HIKAM HULWANULLAH,Ilmu Hukum (S1)
6009256,SRI DWIYANTI,Pendidikan Tata Rias (S1)
6833967,PUTRI HESTININGRUM,Pendidikan Bisnis (S1)
6010417,RIZA NOVIANA KHOIRUNNISA,Psikologi (S1)
6128708,IKA FITRI ULFINDRAYANI,Pendidikan Teknologi Dan Kejuruan (S2)
6796282,IKA NURMAYA,Gizi (S1)
6796282,IKA NURMAYA,Gizi (S1)
6010362,YONNY HERDYANTO,Unknown
6860748,RIZKY PUTRA SANTOSA,Psikologi (S1)
6010788,ALI YUSUF,Pendidikan Luar Sekolah (S2)
5992357,NOVI SUKMA DRASTIAWATI,Teknik Mesin (S1)
6010698,ARI WIDAYANTI,Transportasi (D4)
6010589,MUCH KOIRI,Sastra Inggris (S1)
6009350,SRI MURTINI,Administrasi Publik (S2)
6756997,MITA YUNIATI,Pendidikan Tata Busana (S1)
6906257,HONESTY NURIZZA PINANTI,Biologi (S1)
6011201,DENOK SETIAWATI,Bimbingan dan Konseling (S2)
6010011,YUHRI INANG PRIHATINA,Tata Busana (D4)
6010474,RIRIE RENGGANIS,Pendidikan Bahasa Indonesia (S2)
6010536,MARSUDI,Desain Komunikasi Visual (S1)
6757115,ROIHANA WALIYYUL MURSYIDAH,Pendidikan Ilmu Pengetahuan Alam (S1)
6728004,VITA MAHARDHIKA,Ilmu Hukum (S1)
6009159,DJODJOK SOEPARDJO,Pendidikan Bahasa  dan Sastra (S2)
6876587,MARETHA DELLAROSA,Pendidikan Guru Sekolah Dasar (S1)
6858765,ABDUL AZIZ KHOIRI,Pendidikan Bahasa Dan Sastra Indonesia (S1)
6700311,NISWATIN,Pendidikan Ilmu Pengetahuan Sosial (S3)
6010430,MEITA SANTI BUDIANI,Psikologi (S1)
6006554,NOVITA KARTIKA INDAH,Biologi (S1)
5972786,AMARIA,Kimia (S1)
6010704,FIFUKHA DWI KHORY,"Pendidikan Jasmani, Kesehatan, dan Rekreasi (S1)"
6739673,AFIFAN YULFADINATA,"Pendidikan Jasmani, Kesehatan, dan Rekreasi (S1)"
6010301,YULIANI PUJI ASTUTI,Sains Data (S1)
6704592,MUHAMMAD DZUL FIKRI,Ilmu Keolahragaan (S1)
6010900,NOVA KRISTIANA,Desain Grafis (D4)
6011000,ELISABETH SEPTIN PUSPOAYU,Ilmu Hukum (S1)
6010776,I KADEK DWI NURYANA,Informatika (Kampus Kabupaten Magetan) (S1)
6705346,MEITY WULANDARI,Teknik Sipil (S1)
6685287,HERI CAHYO BAGUS SETIAWAN,Manajemen (S1)
6007843,HENDRIK PANDU PAKSI,Pendidikan Guru Sekolah Dasar (Kampus Kabupaten Ma (S1)
6009331,MAHENDRA WARDHANA,Ilmu Hukum (S1)
6010802,HESPI SEPTIANA,Pendidikan Bahasa Dan Sastra Indonesia (S1)
6002434,EPPY YUNDRA,Unknown
6010320,NI WAYAN SUKMAWATI PUSPITADEWI,Psikologi (S1)
6010203,NURCHAYATI,Unknown
6720798,NINA RINDA PRIHARTIWI,Pendidikan Matematika (S1)
6949249,FITRIA,Manajemen Informatika (D4)
6009089,SOEDJARWO,Unknown
6798072,SITI JARO'AH,Psikologi (S1)
6859625,SUGI HARTONO,Pendidikan Matematika (S1)
5992325,PURWO MAHARDI,Transportasi (D4)
5988507,ARIK SUSANTI,Pendidikan Bahasa Inggris (S1)
6196749,WAFA MAFTUHIN,Fisika (S1)
6706060,MUHAMMAD FARID ILHAMUDDIN,Bimbingan Dan Konseling (S1)
6888925,SUSI TRI UMAROH,Teknologi Rekayasa Otomotif (D4)
6663468,ADITYA CHANDRA HERMAWAN,Teknik Listrik (D4)
6010781,WIDODO,Ilmu Pendidikan (S3)
6757004,AMALIA PUTRI PURNAMASARI,Kimia (S1)
5998495,DWI NUR YUNIANTI,Matematika (S1)
6804212,REVIENDA ANITA FITRIE,Ilmu Administrasi Negara (S1)
6010485,FERA RATYANINGRUM,Pendidikan Seni Rupa (S1)
5994708,CHOIRUL ANNA NUR AFIFAH,Gizi (S1)
6722292,FAHMI FAHRUDIN FADIRUBUN,Pendidikan Geografi (S1)
6010576,IMAM SUCAHYO,Pendidikan Fisika (S1)
5996550,MUCHLAS SAMANI,Unknown
6819380,MARYAM BTE BADRUL MUNIR,Perekonomian Islam dan Industri Halal (S2)
5979113,INDRA HERLAMBA SIREGAR,Teknik Mesin (S1)
5989977,WIWIET EVA SAVITRI,Pendidikan Bahasa Inggris (S1)
6008113,JULIANTO,Pendidikan Profesi Guru (Profesi)
6727487,FINDIYANI ERNAWATI ASIH,Pendidikan Kimia (S1)
5998298,YUSUF FUAD,Pendidikan Matematika (S2)
6836980,FARAH AISYAH NAFIDIASTRI,Biologi (S1)
6010702,MEIRINA LANI ANGGAPUSPA,Desain Komunikasi Visual (S1)
6009574,SAINO,Pendidikan Bisnis (S1)
6913940,ROSELYNNE ANGGRAINI,Gizi (S1)
6688360,FRANSISCA JANUARUMI MARHAENDRA,Kepelatihan Olahraga (S2)
6839766,AMIRUSHOLIHIN,Agribisnis Digital (S1)
6024226,ELLYANA ILSAN EKA PUTRI,Bimbingan Dan Konseling (S1)
6706097,RESPATI RETNO UTAMI,Pendidikan Bahasa Dan Sastra Jawa (S1)
6718801,GHEA SEKAR PALUPI,Sistem Informasi (S1)
6008935,TRIAS MADANIKA KUSUMANINGRUM,Manajemen (S1)
6009048,ASRI SUSETYO RUKMI,Pendidikan Guru Sekolah Dasar (S1)
6727692,SUBIANTO KAROSO,"Pendidikan Seni Drama, Tari Dan Musik (S1)"
74480,LIES AMIN LESTARI,Pendidikan Bahasa Inggris (S2)
6009359,TOTOK SUYANTO,Unknown
6825099,IMA WIDIYANAH,Manajemen Pendidikan (S2)
6011485,ZAINUL AMININ,Pendidikan Bahasa Inggris (S1)
6011485,ZAINUL AMININ,Pendidikan Bahasa Inggris (S1)
6880193,POLTJES PATTIPEILOHY,Manajemen Pendidikan (S1)
5993547,NUGROHO HARI PURNOMO,Pendidikan IPS (S2)
6706065,INSYIRAH PUTIKADEA,Akuntansi (S1)
6893636,KARUNIA WIJAYANTI,Kebidanan (S1)
6807191,LIDYA LESTARI SITOHANG,Pendidikan Geografi (S1)
6757551,MUHAMMAD ILYAS MARZUQI,Pendidikan IPS (S1)
6706368,IKA NURJANNAH,Teknik Mesin (S1)
6730313,RINDU PUSPITA WIBAWA,Pendidikan Teknologi Informasi (S1)
6757477,ACEP OVEL NOVARI BENY,Pendidikan Luar Biasa (S1)
6007171,EVIE RATNASARI,Biologi (S1)
6010774,BAMBANG SUJATMIKO,Pendidikan Teknologi Informasi (S1)
6160910,WISMA KURNIAWATI,Sastra Jerman (S1)
6850840,NUR SALSABILA RHESA PANDHADHA PUTRA,Manajemen Olahraga (S1)
6009283,EKO SATRIYA HERMAWAN,Ilmu Politik (S1)
6066971,NIA KUSSTIANTI,Pendidikan Tata Rias (S1)
6781614,IKA JAYADI,Pendidikan Kepelatihan Olahraga (S1)
6012404,HARPANG YUDHA KARYAWANTO,Musik (S1)
5996053,SUHARTININGSIH,Unknown
6010349,GILANG GUSTI AJI,Ilmu Komunikasi (S1)
6683565,DITA PERWITASARI,Ilmu Hukum (S1)
6796735,RUTH EVIANA HUTABARAT,Ekonomi (S1)
6012372,YURI LOLITA,Pendidikan Bahasa Inggris (S1)
6009815,HERU SISWANTO,Pendidikan Luar Sekolah (S1)
6873610,RIZKI RAMADHAN,Pendidikan Bahasa Inggris (S1)
6115250,AGUS RIDWAN,Sastra Jerman (S1)
6795613,HASANUDDIN AL-HABIB,Sains Data (S1)
6974978,AINI NUR FUROIDA,Unknown
6009291,ROJIL NUGROHO BAYU AJI,Pendidikan Sejarah (S1)
6705014,BERKAT CIPTA ZEGA,Teknik Sipil (D4)
6800793,AHMAD FUDHAILI,Biologi (S1)
6010517,HENDRO ARYANTO,Desain Komunikasi Visual (S1)
6786210,ARUM PUJIASTUTI,Manajemen (Kampus Kabupaten Magetan) (S1)
258954,NI'MATUSH SHOLIKHAH,Pendidikan Ekonomi (S1)
6861500,SYAIFURRIZAL WIJAYA PUTRA,Manajemen (S1)
6815566,RESTI NURPRATIWI,Fisioterapi (S1)
6198377,SISKA CHRISTIANINGSIH,Ners (Profesi)
6009314,RAHMANU WIJAYA,Pendidikan Pancasila Dan Kewarganegaraan (S1)
6009659,PUTRI AISYIYAH RACHMA DEWI,Ilmu Komunikasi (S1)
6887493,ELMA SAKINATUS SAJIDAH,Pendidikan Biologi (S1)
6710201,AWANG FIRMANSYAH,Ilmu Keolahragaan (S1)
6921872,MUHAMMAD LABIB SIENA AR RASYID,Pendidikan Kepelatihan Olahraga (Kampus Kabupaten  (S1)
6043276,AINUR RIFQI,Manajemen Pendidikan (S1)
6010792,SOEPARNO,Pendidikan Teknik Bangunan (S1)
6893377,ERVIN YOHANNES,Informatika (S2)
6800633,ILA HUDA PUSPITA DEWI,Tata Boga (D4)
6652956,ANDITA NATARIA FITRI GANDA,Teknik Mesin (D4)
6010691,DEWANTO,Pendidikan Teknik Mesin (S1)
6696012,DANAYANTI AZMI DEWI NUSANTARA,Teknik Sipil (S1)
6872819,NUPHANUDIN,Manajemen Pendidikan (S1)
6010714,RUDY KUSTIJONO,Unknown
6902707,RIFQI ABDILLAH,Teknik Informatika (S1)
5986482,HARLINA MEIDIASWATI,Manajemen (Kampus Kabupaten Magetan) (S1)
6010540,INDAH CHRYSANTI ANGGE,Seni Rupa Murni (S1)
6007637,BELLINA YUNITASARI,Teknik Mesin (S1)
5999479,DANY IMAN SANTOSO,Pendidikan Teknik Mesin (S1)
5977566,YUNANFATHUR RAHMAN,Sastra Jerman (S1)
6932378,ABDUL KHOLIQ,Pendidikan Bahasa Dan Sastra Indonesia (S1)
6010483,SUGENG ADIPITOYO,Pendidikan Bahasa Dan Sastra Jawa (S1)
6893597,TITA RACHMA AYUNINGTYAS,Fisioterapi (S1)
6009711,TRI WRAHATNOLO,Pendidikan Vokasi (S3)
6009265,PUSPITA SARI SUKARDANI,Ilmu Komunikasi (S1)
6009333,ITA MARDIANI ZAIN,Pendidikan Geografi (S1)
6010860,AGHUS SIFAQ,Manajemen Olahraga (S2)
6009328,MARTINUS LEGOWO,Unknown
6009079,SITI MAHMUDAH,Pendidikan Luar Biasa (S1)
5991551,RADEN SULAIMAN,Matematika (S1)
6756110,BILLY EMIR RIZKANTO,Pendidikan Kepelatihan Olahraga (S1)
74808,A. GRUMMY WAILANDUW,Teknik Mesin (S1)
6757097,FIRA NURAFINI,Ekonomi Islam (S1)
5991270,EVANGELISTA LUS WINDYANA PALUPI,Pendidikan Matematika (S1)
6012135,Raden Roro Dyah Woroharsi Parnaningroem,Sastra Jerman (S1)
6184562,HANNY FERRY FERNANDA,Pendidikan Tata Rias (S1)
6011107,YUNISEFFENDRI,Pendidikan Bahasa Indonesia (S2)
6003753,RAHMAWATI ERMA STANDSYAH,Matematika (S1)
6010116,ANDUN SUDIJANDOKO,Ilmu Keolahragaan (S3)
6010005,SATRIANA FITRI MUSTIKA SARI,Teknik Sipil (D4)
6788656,NUR HAYATI,Kimia (S1)
6160625,YOHAN SUSILO,Pendidikan Bahasa Dan Sastra Jawa (S1)
6893642,VINA FIRMANTY MUSTOFA,Pendidikan Profesi Bidan (Profesi)
5994628,ULHAQ ZUHDI,Pendidikan Guru Sekolah Dasar (Kampus Kabupaten Ma (S1)
6009495,DEWI KOMALASARI,Pendidikan Guru Pendidikan Anak Usia Dini (S1)
6794676,MELDA FADIYAH HIDAYAT,Ilmu Administrasi Negara (S1)
6688591,CANTIKA SARI SIREGAR,Akuntansi (S1)
6659368,EVA FERDITA YUHANTINI,Manajemen Olahraga (S1)
6010659,AGUS PRIHANTO,Teknik Informatika (S1)
6850359,BUDI RACHMAN,Pendidikan Guru Pendidikan Anak Usia Dini (Kampus  (S1)
6765634,ESA PUTRA BAYU GUSTI GINEUNG PATRIDINA,Pendidikan Sejarah (S1)
6067145,MUHAJI,Teknik Mesin (S1)
6164765,WISANTI,Pendidikan Biologi (S1)
6009542,SUPARJI,Pendidikan Vokasi (S3)
5996109,MASPIYAH,Pendidikan Tata Rias (S1)
6010805,AUTAR ABDILLAH,"Pendidikan Seni Drama, Tari Dan Musik (S1)"
6009352,AGUS SUTEDJO,Unknown
6010282,ENDAH RAHMAWATI,Fisika (S1)
5974414,DURROTUN NAFISAH,Pendidikan Guru Sekolah Dasar (S1)
6968416,SITI ZUBAIDAH,Biosains Hewan (S1)
6010476,GALIH WIBISONO,Unknown
260244,IRIN WIDAYATI,Unknown
6758665,CICIK ARISTA,Pendidikan Bahasa Mandarin (S1)
6731182,MUAMAR ZAINUL ARIF,Pendidikan Teknik Mesin (S1)
6796962,JAUHAR WAHYUNI,Ilmu Komunikasi (Kampus Kabupaten Magetan) (S1)
6162500,FIRRE AN SUPRAPTO,Administrasi Publik (S2)
6762308,ALFIN MAULANA,Unknown
6950693,RIZKA MUIZZU APRILIA,Unknown
6849000,DIO ALIF AIRLANGGA DAULAY,Kepelatihan Olahraga (D4)
6813119,MOH FARIH FAHMI,Perekonomian Islam dan Industri Halal (S2)
6011028,RUSMIYATI,Pendidikan Bahasa Jepang (S1)
6910767,RENY AMALIA PERMATA,Sains Aktuaria (S1)
6727570,JOKO WINARKO,Musik (S1)
6011947,TRI HARTUTUK NINGSIH,Teknik Mesin (S1)
6727570,JOKO WINARKO,Musik (S1)
6908115,M MAMDUH WINANGUN,Pendidikan Tata Rias (Kampus Kabupaten Magetan) (S1)
6010411,HERMIEN LAKSMIWATI,Psikologi (S2)
5994210,AHMAD QOSYIM,Pendidikan Ilmu Pengetahuan Alam (S1)
6660408,RAYMOND IVANO AVANDI,Pendidikan Kepelatihan Olahraga (S1)
6788887,FAJAR EKA SAMUDRA,Pendidikan Kepelatihan Olahraga (S1)
6756993,AUDREY GABRIELLA TITALEY,Pendidikan Bahasa Jerman (S1)
6082717,ANAM MIFTAKHUL HUDA,Ilmu Komunikasi (S1)
6010710,JOESOEF ROEPAJADI,Masase (S1)
6010186,MAMIK TRI WEDAWATI,Sastra Inggris (S1)
6010461,LATIF NUR HASAN,Pendidikan Bahasa Dan Sastra Jawa (S1)
6852735,NURINA RIZKA RAMADHANIA,Kimia (S1)
6706086,TESTA ADI NUGRAHA,Ilmu Keolahragaan (S1)
6009326,AGUS PRASTYAWAN,Administrasi Negara (D4)
6160643,YOGIE RISDIANTO,Teknik Sipil (S1)
6010756,DIANA BUDI DARMA,Sastra Inggris (S1)
6869762,ULFA SITI NURAINI,Sains Data (S1)
6009524,SUBANDI,Pendidikan Bahasa Mandarin (S1)
6011620,TRI CAHYO KUSUMANDYOKO,Desain Komunikasi Visual (S1)
6010706,M. JACKY,Sosiologi (S1)
6009524,SUBANDI,Pendidikan Bahasa Mandarin (S1)
6010207,DWI LORRY JUNIARISCA,"Pendidikan Jasmani, Kesehatan, dan Rekreasi (Kampu (S1)"
6008262,SUPRAYITNO,Pendidikan Guru Sekolah Dasar (S1)
6012816,NOORDIANA,Unknown
6731465,TENGSOE TJAHJONO,Unknown
6771253,M. NOER FALAQ AL AMIN,Ilmu Administrasi Negara (S1)
6009298,HANANTO WIDODO,Hukum (S2)
6010837,BAMBANG PURNOMO,Unknown
74362,MOHAMMAD ROKIB,Sastra Indonesia (S1)
6160931,AJENG DIANING KARTIKA,Sastra Jerman (S1)
6793542,YUNI ROSITA DEWI,Sains Data (S1)
6009293,PAMBUDI HANDOYO,Sosiologi (S1)
6010650,AMIRA AGUSTIN KOCIMAHENI,Pendidikan Bahasa Jepang (S1)
6705387,HASAN DANI,Teknik Sipil (D4)
6893137,TRI SETYO UTAMI,Kepelatihan Olahraga (D4)
6716122,MUHAMMAD REZA,Pendidikan Guru Pendidikan Anak Usia Dini (S1)
6907757,RAIDA AMELIA IFADAH,Teknologi Pangan dan Hasil Pertanian (S1)
6010452,MOHAMMAD FARUK,Pendidikan Kepelatihan Olahraga (S1)
5990055,LENY YUANITA,Pendidikan Sains (S3)
6907882,FAJAR INDRA KUSUMA,Teknik Sipil (D4)
6009372,ARI WAHYUDI,Unknown
260307,CHOIRUL NIKMAH,Pendidikan Administrasi Perkantoran (S1)
6852768,SALMA SHAFRINA AULIA,Gizi (S1)
6010894,SRI POEDJIASTUTI,Unknown
6875619,DESIKA PUTRI MARDIANI,Pendidikan Luar Sekolah (S1)
5988767,ULFI FAIZAH,Pendidikan Biologi (S1)
6893174,SHERRIN NURLITA WIDYA,Bimbingan Dan Konseling (S1)
6009370,MUZAYANAH,Pendidikan Geografi (S2)
6009375,DIAN ARLUPI UTAMI,Administrasi Negara (D4)
6012940,EUIS ISMAYATI,Unknown
5980379,LISETYO ARIYANTI,Sastra Inggris (Kampus Kabupaten Magetan) (S1)
6009308,ARTONO,Pendidikan Sejarah (S1)
6009321,AGUS TRILAKSANA,Pendidikan Sejarah (S1)
6737306,TRI EDLIANI LESTARI,Pendidikan Bahasa Jerman (S1)
5991550,WINARSIH,Biologi (S1)
6010435,PUDJIJUNIARTO,Ilmu Keolahragaan (S2)
6009277,NOVIYANTI,Administrasi Negara (D4)
5996083,DEWI LUTFIATI,Pendidikan Tata Rias (S1)
5992860,RINDAWATI,Pendidikan Geografi (S2)
6008595,DYAH RIANDADARI,Teknik Mesin (D4)
6924573,MOH. ARIF SUSANTO,Sastra Indonesia (S1)
6010643,EVA KRISTINAWATI PUTRI,Pendidikan Biologi (S1)
6009531,SRI MASTUTI PURWANINGSIH,Pendidikan Sejarah (S1)
6757424,FIFIT YETI WULANDARI,Kepelatihan Olahraga (D4)
6010457,IMAM SYAFII,Pendidikan Kepelatihan Olahraga (S1)
5994752,DINDY SINTA MEGASARI,Pendidikan Tata Rias (Kampus Kabupaten Magetan) (S1)
6764774,NANDA AUDIA VRISABA,Psikologi (S1)
6727425,AMBAR KUSUMANINGSIH,Akuntansi (S1)
6909422,PRIYA YOGA PRADANA,"Pendidikan Jasmani, Kesehatan, dan Rekreasi (Kampu (S1)"
6009317,AGUS SATMOKO ADI,Ilmu Politik (S1)
6924688,MOH. AHSAN SHOHIFUR RIZAL,Pendidikan Bahasa Dan Sastra Indonesia (S1)
6756929,ARIF HIDAJAD,Pendidikan Seni Budaya (S2)
5995363,SITI SULANDJARI,Unknown
6010822,SRI SULISTIANI,Unknown
6008435,SUPRIYONO,Unknown
6749545,RIRIN PUSPARINI,Pendidikan Bahasa Inggris (S1)
6018138,YULIA FRANSISCA,Pendidikan Teknik Elektro (S1)
6728409,TAUFIQ HIDAYAT,"Pendidikan Jasmani, Kesehatan, dan Rekreasi (S1)"
6011893,WINARNO,Seni Rupa Murni (S1)
6772463,MILA YUNITA,Bimbingan Dan Konseling (S1)
6777227,ANGGI RAHMAD ZULFIKAR,Teknik Sipil (D4)
6860965,WAHYU MAHESA MIARTA,Ilmu Komunikasi (Kampus Kabupaten Magetan) (S1)
6009882,NURMI FRIDA DORINTAN BERTUA PAKPAHAN,Pendidikan Teknologi Dan Kejuruan (S2)
6922794,FAZA MUHAMMAD SUKARSONO,Manajemen (Kampus Kabupaten Magetan) (S1)
6907942,HANA ANDRININGRUM,Pendidikan Guru Sekolah Dasar (Kampus Kabupaten Ma (S1)
6921547,MOHAMMAD WILDAN HABIBI,Pendidikan Teknologi Informasi (S1)
6009962,MOCHAMAD PURNOMO,Kepelatihan Olahraga (D4)
6741329,HERMA RETNO PRABAYANTI,Ilmu Komunikasi (S1)
6908658,ABDUL FAUZI,Ners (Profesi)
6010978,ARIF BULQINI,Kepelatihan Olahraga (S2)
6687713,HENNY DWI ISWATI,Pendidikan Bahasa Inggris (S1)
6010751,ARI KURNIAWAN,Manajemen Informatika (D4)
6009358,VINDA MAYA SETIANINGRUM,Ilmu Komunikasi (S1)
6010305,HERY TRI SUTANTO,Unknown
6010486,MUHAMAD ROIS ABIDIN,Desain Komunikasi Visual (S1)
6010061,BUDI HERMONO,Ilmu Hukum (S1)
6009259,TSUROYYA,Ilmu Komunikasi (S1)
6160619,PAMUJI,Pendidikan Luar Biasa (S2)
6786521,YOVINZA BETHVINE SOPAHELUWAKAN,Pendidikan Bahasa Jepang (S1)
6010123,INDRI FOGAR SUSILOWATI,Ilmu Hukum (S1)
6758116,NUR SHANTI RETNO PEMBAYUN,Kedokteran (S1)
6787806,NUR ANINDYA SYAMSUDI,Kebidanan (S1)
6010546,SUWARNO IMAM SAMSUL,Unknown
6010901,HIMMAWAN A N,Pendidikan Bahasa Inggris (S1)
6896052,NADIA NUR THAHIRRAH,Bisnis Digital (S1)
6011761,NUR CHAKIM,Pendidikan Bahasa Inggris (S1)
6009322,PRASETYO ISBANDONO,Administrasi Negara (D4)
6718810,MARTINI DWI ENDAH SUSANTI,Informatika (Kampus Kabupaten Magetan) (S1)
6009235,RIYADI,Pendidikan Sejarah (S1)
5996078,NINIK WAHJU HIDAJATI,Teknik Sipil (S1)
6014834,I NENGAH MARIASA,Pendidikan Seni Budaya (S2)
6784954,AULIYA GHAZNA NIZAMI,Ekonomi Islam (S1)
6009349,DIYAH UTAMI,Sosiologi (S1)
6758047,HAPSARI SHINTA CITRA PUSPITA DEWI,Manajemen Olahraga (S1)
6907921,AZIS SURONI,Informatika (Kampus Kabupaten Magetan) (S1)
6010705,HARI WISNU,Unknown
6010608,I GUSTI LANANG PUTRA EKA PRISMANA,Pendidikan Teknologi Informasi (S1)
6877143,ARIKASUCI FITONNA RIDASSEPRI,Pendidikan Kimia (S1)
6014073,I NYOMAN LODRA,Seni Rupa Murni (S1)
6007071,DANANG TANDYONOMANU,Ilmu Komunikasi (S1)
6014073,I NYOMAN LODRA,Seni Rupa Murni (S1)
6783865,MI'ROJUL HUDA,Ilmu Politik (S1)
6009575,I MADE SUWANDA,Unknown
6893639,DEVI MAYA ARISTA,Kebidanan (S1)
6009997,ARITA PUSPITORINI,Unknown
6706523,NURUL HANIFA,Ekonomi (S1)
6839929,MUHAMMAD RIZKY RAMADHAN,Manajemen (Kampus Kabupaten Magetan) (S1)
5977724,LUTHFIYAH NURLAELA,Pendidikan Tata Boga (S1)
6864251,MUHAMAD AFIFUDDIN GHOZALI,Bimbingan Dan Konseling (S1)
6893641,NIDYA COMDECA NURVITRIANA,Pendidikan Profesi Bidan (Profesi)
6010725,NURHAYATI ARITONANG,Teknik Sipil (S1)
6010638,DIASTIAN VINAYA WIJANARKO,Teknik Mesin (S1)
6002282,ARIF WIDODO,Teknik Elektro (S1)
6011142,AMANDA RISTRIANA PATTISINAI,Transportasi (D4)
5991490,DWI FATRIANTO SUYATNO,Sistem Informasi (S1)
6836974,SYAHID AKHMAD FAISOL,Ilmu Hukum (Kampus Kabupaten Magetan) (S1)
6009377,SEPTINA ALRIANINGRUM,Pendidikan Sejarah (S1)
6011642,MUCHLIS ARIEF,Seni Rupa Murni (S1)
6031854,IMA KURROTUN AININ,Pendidikan Luar Biasa (S1)
6955009,DEA DELICIA,Kebidanan (S1)
6673666,MOHAMMAD FATHUR ROHMAN,"Pendidikan Jasmani, Kesehatan, dan Rekreasi (Kampu (S1)"
6117059,YULIYATI,Unknown
6721061,MUHAMMAD MIFTAH FARID,Pendidikan Akuntansi (S1)
6010141,AWANG DHARMAWAN,Ilmu Komunikasi (S1)
6010133,TAMSIL,Ilmu Hukum (S1)
6728019,AYUNITA LELIANA,Sastra Inggris (S1)
6887961,RISQI NOOR HIDAYATI PUTRI,Unknown
6012115,ARI PUJOSUSANTO,Pendidikan Bahasa Jerman (S1)
6014237,AGUSNIAR DIAN SAVITRI,Pendidikan Bahasa Indonesia (S2)
6683590,SISCA DESI PRASTYANINGTIAS,Biologi (S1)
6740539,MEIN KHARNOLIS,Pendidikan Tata Busana (S1)
6010942,DIANITA INDRAWATI,Pendidikan Bahasa Indonesia (S2)
6801987,I GDE AGUNG SRI SIDHIMANTRA,Manajemen Informatika (D4)
6867240,DEWI PUSPITASARI,Teknik Mesin (D4)
6010750,SUVI AKHIRIYAH,Pendidikan Bahasa Inggris (S1)
6009374,AIDA KURNIAWATI,Administrasi Publik (S2)
5991493,ASMUNIN,Manajemen Informatika (D4)
6756970,ARIE REALITA,Fisika (S1)
6057100,ABDUL KHOLIQ,Pendidikan Bahasa Dan Sastra Indonesia (S1)
6010372,GELAR ALI AHMAD,Ilmu Hukum (S1)
6788230,RAMADHAN CAKRA WIBAWA,Informatika (Kampus Kabupaten Magetan) (S1)
6760422,DINAR RIZKY LISTYAPUTRI,Pendidikan Sejarah (S1)
6009082,BUDIYONO,Pendidikan Guru Sekolah Dasar (S1)
6010471,TRINIL DWI TURISTIANI,Pendidikan Bahasa Dan Sastra Indonesia (S1)
6908035,HIDAYATUN MUYASYAROH,Pendidikan Tata Boga (S1)
6904714,IQLIMA NURIL AMINI,Teknik Sipil (S1)
6803667,MUHAMAD RIDLO,Ners (Profesi)
6721043,PUTRI RETNOSARI,Sastra Indonesia (S1)
6010677,RAHAYU DEWI SOEYONO,Gizi (S1)
6872467,SHOBRI FIRMAN SUSANTO,Pendidikan Luar Sekolah (S2)
6821172,DIAH ANGGRAENY,Pendidikan Luar Biasa (S1)
6010677,RAHAYU DEWI SOEYONO,Gizi (S1)
6009690,ELIZABETH TITIEK WINANTI,Unknown
6933207,RIEDEL PAULUS JACOBIS,Unknown
6013880,JAJUK DWI SASANADJATI,"Pendidikan Seni Drama, Tari Dan Musik (S1)"
6011619,HERI MURBIYANTORO,Musik (S1)
6706116,DWI NUR CAHYANI SRI KUSUMANINGTYAS,Sastra Inggris (Kampus Kabupaten Magetan) (S1)
6010491,MASILVA RAYNOX MAEL,Pendidikan Bahasa Jepang (S1)
6905816,NUR AINIYAH,Pendidikan Biologi (S1)
6010699,INTY NAHARI,Pendidikan Tata Busana (S1)
6011450,FAHMI WAHYUNINGSIH,Pendidikan Bahasa Jerman (S1)
6893398,EVY WULANDARI,Pendidikan Profesi Bidan (Profesi)
6974283,DANA AZIZAH RAHMAT,Unknown
6011087,MOH. MUDZAKKIR,Unknown
6645313,DITA AGUSTIA,Unknown
6011048,ENIE WAHYUNING HANDAYANI,"Pendidikan Seni Drama, Tari Dan Musik (S1)"
6011630,NUR WAKHID HIDAYATNO,Seni Rupa Murni (S1)
6706970,DADANG RHUBIDO,Sastra Indonesia (S1)
6688673,MOKHAMAD NUR BAWONO,Ilmu Keolahragaan (S1)
6010528,EKO WAHYUNI RAHAYU,Pendidikan Seni Budaya (S2)
6757357,AGUS SUWAHYONO,Musik (S1)
6784566,SILKANIA SWARIZONA,Ilmu Politik (S1)
6010679,ENY SULISTYOWATI,Ilmu Hukum (S1)
6861033,ADITYA FAHMI NURWAHID,Ilmu Komunikasi (S1)
6893977,ARFIN NURMA HALIDA,Psikologi (S1)
6908218,MIMBAR OKTAVIANA,Bimbingan Dan Konseling (S1)
6737264,AJIE HANIF MUZAQI,Ilmu Administrasi Negara (S1)
6687011,MUKHZAMILAH,Pendidikan Bahasa Dan Sastra Indonesia (S1)
6904986,AMIQ FIKRIYATI,Pendidikan Kimia (S1)
6009096,EDY RIANTO,Unknown
6904986,AMIQ FIKRIYATI,Pendidikan Kimia (S1)
6687011,MUKHZAMILAH,Pendidikan Bahasa Dan Sastra Indonesia (S1)
6727392,IRMA FEBRIYANTI,"Pendidikan Jasmani, Kesehatan, dan Rekreasi (S1)"
6977220,IGOY ARYA BIMO,Teknologi Pangan dan Hasil Pertanian (S1)
6876159,BIMA ANGGANA WIDHIARTA PUTRA,Pendidikan Teknik Mesin (S1)
6817142,ADE FIRMANNANDYA,Ilmu Komunikasi (S1)
6746311,ARDHIE RADITYA,Unknown
6010509,ADAM DAMANHURI,Sastra Inggris (Kampus Kabupaten Magetan) (S1)
6894448,IVO YULIANA,Pendidikan Guru Sekolah Dasar (S1)
257146,ROSA PRAFITRI JUNIARTI,Manajemen (S1)
6925322,MUJAHIDIN FARID,Pendidikan Guru Sekolah Dasar (S1)
6011015,JOKO PRASETYO,Pendidikan Bahasa Jepang (S1)
6756201,SUMARNININGSIH,Pendidikan Bahasa Inggris (S1)
6759163,FITRIANA NUGRAHENI,Gizi (S1)
5990886,UDJANG PAIRIN,Pendidikan Bahasa Dan Sastra Jawa (S1)
6757552,KANYA CATYA,Desain Komunikasi Visual (S1)
6759871,EPHRILIA NOOR FITRIANA,Sastra Inggris (S1)
6796183,UCI ELLY KHOLIDAH,Sastra Inggris (S1)
6096910,AGUNG LUTHFI FAUZAN,Akuakultur (S1)
6759571,ACHMAD WIDODO,Ilmu Keolahragaan (S2)
6008737,WARSONO,Pendidikan Ilmu Pengetahuan Sosial (S3)
6009391,CORRY LIANA,Pendidikan Sejarah (S1)
6010769,SAIFUL ANWAR,Pendidikan Teknik Mesin (S1)
6009085,SUHANADJI,Unknown
6859618,MUKHTAMILATUS SA'DIYAH,Pendidikan Matematika (S1)
6952359,MUHAMMAD FEBRILIAN DWI SYAHPUTRA,Bisnis Digital (S1)
6840055,BIMA YATNA ANUGERAH RAMADHANI,Manajemen (Kampus Kabupaten Magetan) (S1)
6706085,ARIK TRIARSO,Teknik Sipil (D4)
6010711,DHANI KRISTIANDRI,Pendidikan Profesi Guru (Profesi)
6840055,BIMA YATNA ANUGERAH RAMADHANI,Manajemen (Kampus Kabupaten Magetan) (S1)
6010025,SRI USODONINGTYAS,Pendidikan Tata Rias (Kampus Kabupaten Magetan) (S1)
6774576,HARYO KUNTO WIBISONO,Administrasi Negara (D4)
6647278,WENING HESTI NAWA RUCI,Seni Rupa Murni (S1)
6160628,I MADE SRI UNDY MAHARDIKA,Kepelatihan Olahraga (S2)
6009562,BAMBANG SURATMAN,Unknown
6796744,APRILLIA NILASARI,Ekonomi (S1)
6948722,ADHITYA AMARULLOH,Teknologi Pendidikan (Kampus Kabupaten Magetan) (S1)
6010675,NANDA RIMAWATI,Ilmu Keolahragaan (S1)
6010642,PARMIN,Sastra Indonesia (S1)
6908266,MUHAMMAD IMADUDDIN,Teknik Sipil (S1)
6021950,NUR FAUZIA,Pendidikan Bahasa Inggris (S1)
5995401,NUGRAHANI ASTUTI,Pendidikan Tata Boga (S1)
6010325,PRAMITA YAKUB,Pendidikan Biologi (S1)
6009042,LAMIJAN HADI SUSARNO,Teknologi Pendidikan (S2)
6706070,ARIE YUANITA,Sastra Indonesia (S1)
6010642,PARMIN,Sastra Indonesia (S1)
6864430,IRFAN RAMIS,Ekonomi Islam (S1)
6010522,NISE SAMUDRA SASANTI,Unknown
6839948,TIFFANY QORIE,Pendidikan Bahasa Mandarin (S1)
